[
  {
    "_id": {
      "$oid": "588935f57546a2daea44de7c"
    },
    "itemType": "food",
    "description": "I'd like some apples",
    "foodType": "fruit"
  },
  {
    "_id": {
      "$oid": "588935f5597715f06f3e8f6c"
    },
    "itemType": "toiletries",
    "description": "I need some toothpaste",
    "foodType": ""
  },
  {
    "_id": {
      "$oid": "588935f51c55b55c75a84848"
    },
    "itemType": "other",
    "description": "I need paper plates",
    "foodType": ""
  },
  {
    "_id": {
      "$oid": "588935f52787254123f71fed"
    },
    "itemType": "food",
    "description": "Need milk",
    "foodType": "dairy"
  },
  {
    "_id": {
      "$oid": "588935f5de613130e931ffd5"
    },
    "itemType": "food",
    "description": "I need bread",
    "foodType": "grain"
  },
  {
    "_id": {
      "$oid": "588935f55b432bb2ff322160"
    },
    "itemType": "food",
    "description": "I would like some more ground beef",
    "foodType": "meat"
  },
  {
    "_id": {
      "$oid": "588935f5556f992bf8f37c01"
    },
    "itemType": "food",
    "description": "If possible I'd like to be able to add more vegetables to my meals",
    "foodType": "vegetable"
  }
]
